fruits,reward,exploration
"[4, 3, 4, 3, 3, 3, 6, 4, 3, 6, 3]","[3.299999999999999, 2.85, 4.0, 2.8000000000000003, 3.1000000000000005, 2.8000000000000007, 5.85, 4.25, 2.4500000000000024, 5.75, 2.8500000000000014]","[1.0, 0.999901, 0.9998020000000001, 0.9997030000000001, 0.9996040000000002, 0.9995050000000002, 0.9994060000000002, 0.9993070000000003, 0.9992080000000003, 0.9991090000000004, 0.9990100000000004]"
